{"cameraMode":{"drawMode":0,"name":"Shaded","section":"Shading Mode"},"sceneLighting":true,"audioPlay":false,"sceneViewState":{"m_AlwaysRefresh":false,"showFog":true,"showSkybox":true,"showFlares":true,"showImageEffects":true,"showParticleSystems":true,"showVisualEffectGraphs":true,"m_FxEnabled":true},"in2DMode":false,"pivot":{"x":387.4969177246094,"y":204.43643188476563,"z":2.5355224609375},"rotation":{"x":0.025483354926109315,"y":0.032983291894197467,"z":-0.0008412566385231912,"w":0.9991304874420166},"size":216.11207580566407,"orthographic":false}